"name","dg_rank","url","id","new_url"
"Scottie Scheffler",1,"https://www.espn.com/golf/player/results/_/id/9478/scottie-scheffler","9478","https://www.espn.com/golf/player/results/_/id/9478/season/2026"
"Jon Rahm",2,"https://www.espn.com/golf/player/_/id/9780/jon-rahm","9780","https://www.espn.com/golf/player/results/_/id/9780/season/2026"
"Tommy Fleetwood",3,"https://www.espn.com/golf/player/_/id/5539/tommy-fleetwood","5539","https://www.espn.com/golf/player/results/_/id/5539/season/2026"
"Rory McIlroy",4,"https://www.espn.com/golf/player/_/id/3470/rory-mcilroy","3470","https://www.espn.com/golf/player/results/_/id/3470/season/2026"
"Russell Henley",5,"https://www.espn.com/golf/player/_/id/5409/russell-henley","5409","https://www.espn.com/golf/player/results/_/id/5409/season/2026"
"Ben Griffin",6,"https://www.espn.com/golf/player/_/id/4404992/ben-griffin","4404992","https://www.espn.com/golf/player/results/_/id/4404992/season/2026"
"Xander Schauffele",7,"https://www.espn.com/golf/player/_/id/10140/xander-schauffele","10140","https://www.espn.com/golf/player/results/_/id/10140/season/2026"
"Bryson DeChambeau",8,"https://www.espn.com/golf/player/_/id/10046/bryson-dechambeau","10046","https://www.espn.com/golf/player/results/_/id/10046/season/2026"
"J.J. Spaun",9,"https://www.espn.com/golf/player/_/id/10166/jj-spaun","10166","https://www.espn.com/golf/player/results/_/id/10166/season/2026"
"Robert MacIntyre",10,"https://www.espn.com/golf/player/_/id/11378/robert-macintyre","11378","https://www.espn.com/golf/player/results/_/id/11378/season/2026"
"Sam Burns",11,"https://www.espn.com/golf/player/_/id/9938/sam-burns","9938","https://www.espn.com/golf/player/results/_/id/9938/season/2026"
"Cameron Young",12,"https://www.espn.com/golf/player/_/id/4425906/cameron-young","4425906","https://www.espn.com/golf/player/results/_/id/4425906/season/2026"
"Patrick Cantlay",13,"https://www.espn.com/golf/player/_/id/6007/patrick-cantlay","6007","https://www.espn.com/golf/player/results/_/id/6007/season/2026"
"Matt Fitzpatrick",14,"https://www.espn.com/golf/player/_/id/9037/matt-fitzpatrick","9037","https://www.espn.com/golf/player/results/_/id/9037/season/2026"
"Viktor Hovland",15,"https://www.espn.com/golf/player/_/id/4364873/viktor-hovland","4364873","https://www.espn.com/golf/player/results/_/id/4364873/season/2026"
"Ludvig Aberg",16,"https://www.espn.com/golf/player/_/id/4375972/ludvig-aberg","4375972","https://www.espn.com/golf/player/results/_/id/4375972/season/2026"
"Hideki Matsuyama",17,"https://www.espn.com/golf/player/_/id/5860/hideki-matsuyama","5860","https://www.espn.com/golf/player/results/_/id/5860/season/2026"
"Si Woo Kim",18,"https://www.espn.com/golf/player/_/id/7081/si-woo-kim","7081","https://www.espn.com/golf/player/results/_/id/7081/season/2026"
"Harry Hall",19,"https://www.espn.com/golf/player/_/id/4589438/harry-hall","4589438","https://www.espn.com/golf/player/results/_/id/4589438/season/2026"
"Harris English",20,"https://www.espn.com/golf/player/_/id/5408/harris-english","5408","https://www.espn.com/golf/player/results/_/id/5408/season/2026"
"Alex Noren",21,"https://www.espn.com/golf/player/_/id/3832/alex-noren","3832","https://www.espn.com/golf/player/results/_/id/3832/season/2026"
"Keegan Bradley",22,"https://www.espn.com/golf/player/_/id/4513/keegan-bradley","4513","https://www.espn.com/golf/player/results/_/id/4513/season/2026"
"Justin Thomas",23,"https://www.espn.com/golf/player/_/id/4848/justin-thomas","4848","https://www.espn.com/golf/player/results/_/id/4848/season/2026"
"Jayden Schaper",24,"https://www.espn.com/golf/player/_/id/4604053/jayden-schaper","4604053","https://www.espn.com/golf/player/results/_/id/4604053/season/2026"
"Maverick McNealy",25,"https://www.espn.com/golf/player/_/id/9530/maverick-mcnealy","9530","https://www.espn.com/golf/player/results/_/id/9530/season/2026"
"Rickie Fowler",26,"https://www.espn.com/golf/player/_/id/3702/rickie-fowler","3702","https://www.espn.com/golf/player/results/_/id/3702/season/2026"
"Jason Day",27,"https://www.espn.com/golf/player/_/id/1680/jason-day","1680","https://www.espn.com/golf/player/results/_/id/1680/season/2026"
"Shane Lowry",28,"https://www.espn.com/golf/player/_/id/4587/shane-lowry","4587","https://www.espn.com/golf/player/results/_/id/4587/season/2026"
"Corey Conners",29,"https://www.espn.com/golf/player/_/id/9126/corey-conners","9126","https://www.espn.com/golf/player/results/_/id/9126/season/2026"
"Ryan Gerard",30,"https://www.espn.com/golf/player/_/id/5076021/ryan-gerard","5076021","https://www.espn.com/golf/player/results/_/id/5076021/season/2026"
"Taylor Pendrith",31,"https://www.espn.com/golf/player/_/id/9658/taylor-pendrith","9658","https://www.espn.com/golf/player/results/_/id/9658/season/2026"
"Collin Morikawa",32,"https://www.espn.com/golf/player/_/id/10592/collin-morikawa","10592","https://www.espn.com/golf/player/results/_/id/10592/season/2026"
"Chris Gotterup",33,"https://www.espn.com/golf/player/_/id/4690755/chris-gotterup","4690755","https://www.espn.com/golf/player/results/_/id/4690755/season/2026"
"Rasmus Hojgaard",34,"https://www.espn.com/golf/player/_/id/11253/rasmus-h%C3%B8jgaard","11253","https://www.espn.com/golf/player/results/_/id/11253/season/2026"
"Matt McCarty",35,"https://www.espn.com/golf/player/_/id/4901368/matt-mccarty","4901368","https://www.espn.com/golf/player/results/_/id/4901368/season/2026"
"Tyrrell Hatton",36,"https://www.espn.com/golf/player/_/id/5553/tyrrell-hatton","5553","https://www.espn.com/golf/player/results/_/id/5553/season/2026"
"Sepp Straka",37,"https://www.espn.com/golf/player/_/id/8961/sepp-straka","8961","https://www.espn.com/golf/player/results/_/id/8961/season/2026"
"Christiaan Bezuidenhout",38,"https://www.espn.com/golf/player/_/id/9243/christiaan-bezuidenhout","9243","https://www.espn.com/golf/player/results/_/id/9243/season/2026"
"Kurt Kitayama",39,"https://www.espn.com/golf/player/_/id/10364/kurt-kitayama","10364","https://www.espn.com/golf/player/results/_/id/10364/season/2026"
"Nick Taylor",40,"https://www.espn.com/golf/player/_/id/3792/nick-taylor","3792","https://www.espn.com/golf/player/results/_/id/3792/season/2026"
"David Puig",41,"https://www.espn.com/golf/player/_/id/4895429/david-puig","4895429","https://www.espn.com/golf/player/results/_/id/4895429/season/2026"
"J.T. Poston",42,"https://www.espn.com/golf/player/_/id/10505/jt-poston","10505","https://www.espn.com/golf/player/results/_/id/10505/season/2026"
"Aaron Rai",43,"https://www.espn.com/golf/player/_/id/10906/aaron-rai","10906","https://www.espn.com/golf/player/results/_/id/10906/season/2026"
"Denny McCarthy",44,"https://www.espn.com/golf/player/_/id/10054/denny-mccarthy","10054","https://www.espn.com/golf/player/results/_/id/10054/season/2026"
"Thorbjorn Olesen",45,"https://www.espn.com/golf/player/_/id/5140/thorbj%C3%B8rn-olesen","5140","https://www.espn.com/golf/player/results/_/id/5140/season/2026"
"Adam Scott",46,"https://www.espn.com/golf/player/_/id/388/adam-scott","388","https://www.espn.com/golf/player/results/_/id/388/season/2026"
"Justin Rose",47,"https://www.espn.com/golf/player/_/id/569/justin-rose","569","https://www.espn.com/golf/player/results/_/id/569/season/2026"
"Garrick Higgo",48,"https://www.espn.com/golf/player/_/id/11393/garrick-higgo","11393","https://www.espn.com/golf/player/results/_/id/11393/season/2026"
"Jordan Spieth",49,"https://www.espn.com/golf/player/_/id/5467/jordan-spieth","5467","https://www.espn.com/golf/player/results/_/id/5467/season/2026"
"Rasmus Neergaard-Petersen",50,"https://www.espn.com/golf/player/_/id/4858859/rasmus-neergaard-petersen","4858859","https://www.espn.com/golf/player/results/_/id/4858859/season/2026"
"Angel Ayora",51,"https://www.espn.com/golf/player/_/id/5105333/angel-ayora","5105333","https://www.espn.com/golf/player/results/_/id/5105333/season/2026"
"Max Greyserman",52,"https://www.espn.com/golf/player/_/id/11101/max-greyserman","11101","https://www.espn.com/golf/player/results/_/id/11101/season/2026"
"John Parry",53,"https://www.espn.com/golf/player/_/id/4671/john-parry","4671","https://www.espn.com/golf/player/results/_/id/4671/season/2026"
"Daniel Berger",54,"https://www.espn.com/golf/player/_/id/9025/daniel-berger","9025","https://www.espn.com/golf/player/results/_/id/9025/season/2026"
"Jake Knapp",55,"https://www.espn.com/golf/player/_/id/9843/jake-knapp","9843","https://www.espn.com/golf/player/results/_/id/9843/season/2026"
"Michael Thorbjornsen",56,"https://www.espn.com/golf/player/_/id/4425904/michael-thorbjornsen","4425904","https://www.espn.com/golf/player/results/_/id/4425904/season/2026"
"Min Woo Lee",57,"https://www.espn.com/golf/player/_/id/4410932/min-woo-lee","4410932","https://www.espn.com/golf/player/results/_/id/4410932/season/2026"
"Patrick Reed",58,"https://www.espn.com/golf/player/_/id/5579/patrick-reed","5579","https://www.espn.com/golf/player/results/_/id/5579/season/2026"
"Michael Kim",59,"https://www.espn.com/golf/player/_/id/8974/michael-kim","8974","https://www.espn.com/golf/player/results/_/id/8974/season/2026"
"Sam Stevens",60,"https://www.espn.com/golf/player/_/id/4426181/sam-stevens","4426181","https://www.espn.com/golf/player/results/_/id/4426181/season/2026"
"Wyndham Clark",61,"https://www.espn.com/golf/player/_/id/11119/wyndham-clark","11119","https://www.espn.com/golf/player/results/_/id/11119/season/2026"
"Daniel Hillier",62,"https://www.espn.com/golf/player/_/id/4425899/daniel-hillier","4425899","https://www.espn.com/golf/player/results/_/id/4425899/season/2026"
"Max McGreevy",63,"https://www.espn.com/golf/player/_/id/11383/max-mcgreevy","11383","https://www.espn.com/golf/player/results/_/id/11383/season/2026"
"Akshay Bhatia",64,"https://www.espn.com/golf/player/_/id/4419142/akshay-bhatia","4419142","https://www.espn.com/golf/player/results/_/id/4419142/season/2026"
"Pierceson Coody",65,"https://www.espn.com/golf/player/_/id/4837368/pierceson-coody","4837368","https://www.espn.com/golf/player/results/_/id/4837368/season/2026"
"Nicolai Hojgaard",66,"https://www.espn.com/golf/player/_/id/11250/nicolai-h%C3%B8jgaard","11250","https://www.espn.com/golf/player/results/_/id/11250/season/2026"
"Marco Penge",67,NA,NA,"https://www.espn.com/golf/player/results/_/id/NA/season/2026"
"Lucas Glover",68,"https://www.espn.com/golf/player/_/id/676/lucas-glover","676","https://www.espn.com/golf/player/results/_/id/676/season/2026"
"Rico Hoey",69,"https://www.espn.com/golf/player/_/id/11385/rico-hoey","11385","https://www.espn.com/golf/player/results/_/id/11385/season/2026"
"Brian Harman",70,"https://www.espn.com/golf/player/_/id/1225/brian-harman","1225","https://www.espn.com/golf/player/results/_/id/1225/season/2026"
"Jacob Bridgeman",71,NA,NA,"https://www.espn.com/golf/player/results/_/id/NA/season/2026"
"Sami Valimaki",72,"https://www.espn.com/golf/player/_/id/4585548/sami-valimaki","4585548","https://www.espn.com/golf/player/results/_/id/4585548/season/2026"
"Tom McKibbin",73,"https://www.espn.com/golf/player/_/id/4348444/tom-mckibbin","4348444","https://www.espn.com/golf/player/results/_/id/4348444/season/2026"
"Jackson Koivun",74,NA,NA,"https://www.espn.com/golf/player/results/_/id/NA/season/2026"
"Davis Thompson",75,"https://www.espn.com/golf/player/_/id/4602218/davis-thompson","4602218","https://www.espn.com/golf/player/results/_/id/4602218/season/2026"
"Chris Kirk",76,"https://www.espn.com/golf/player/_/id/3449/chris-kirk","3449","https://www.espn.com/golf/player/results/_/id/3449/season/2026"
"Matt Kuchar",77,"https://www.espn.com/golf/player/_/id/257/matt-kuchar","257","https://www.espn.com/golf/player/results/_/id/257/season/2026"
"Will Zalatoris",78,"https://www.espn.com/golf/player/_/id/9877/will-zalatoris","9877","https://www.espn.com/golf/player/results/_/id/9877/season/2026"
"Carlos Ortiz",79,NA,NA,"https://www.espn.com/golf/player/results/_/id/NA/season/2026"
"Mac Meissner",80,"https://www.espn.com/golf/player/_/id/4791222/mac-meissner","4791222","https://www.espn.com/golf/player/results/_/id/4791222/season/2026"
"Vince Whaley",81,"https://www.espn.com/golf/player/_/id/4408315/vince-whaley","4408315","https://www.espn.com/golf/player/results/_/id/4408315/season/2026"
"Patrick Rodgers",82,"https://www.espn.com/golf/player/_/id/6825/patrick-rodgers","6825","https://www.espn.com/golf/player/results/_/id/6825/season/2026"
"Joaquin Niemann",83,"https://www.espn.com/golf/player/_/id/11099/joaquin-niemann","11099","https://www.espn.com/golf/player/results/_/id/11099/season/2026"
"Haotong Li",84,"https://www.espn.com/golf/player/_/id/9221/haotong-li","9221","https://www.espn.com/golf/player/results/_/id/9221/season/2026"
"Sebastian Munoz",85,NA,NA,"https://www.espn.com/golf/player/results/_/id/NA/season/2026"
"Kevin Yu",86,"https://www.espn.com/golf/player/_/id/4349547/kevin-yu","4349547","https://www.espn.com/golf/player/results/_/id/4349547/season/2026"
"Kristoffer Reitan",87,NA,NA,"https://www.espn.com/golf/player/results/_/id/NA/season/2026"
"Max Homa",88,"https://www.espn.com/golf/player/_/id/8973/max-homa","8973","https://www.espn.com/golf/player/results/_/id/8973/season/2026"
"Thomas Detry",89,"https://www.espn.com/golf/player/_/id/4837/thomas-detry","4837","https://www.espn.com/golf/player/results/_/id/4837/season/2026"
"Jordan Smith",90,"https://www.espn.com/golf/player/_/id/9506/jordan-smith","9506","https://www.espn.com/golf/player/results/_/id/9506/season/2026"
"Johnny Keefer",91,"https://www.espn.com/golf/player/_/id/5217048/johnny-keefer","5217048","https://www.espn.com/golf/player/results/_/id/5217048/season/2026"
"Matt Wallace",92,"https://www.espn.com/golf/player/_/id/10548/matt-wallace","10548","https://www.espn.com/golf/player/results/_/id/10548/season/2026"
"Keith Mitchell",93,"https://www.espn.com/golf/player/_/id/8906/keith-mitchell","8906","https://www.espn.com/golf/player/results/_/id/8906/season/2026"
"Alex Smalley",94,"https://www.espn.com/golf/player/_/id/9484/alex-smalley","9484","https://www.espn.com/golf/player/results/_/id/9484/season/2026"
"Takumi Kanaya",95,"https://www.espn.com/golf/player/_/id/4410612/takumi-kanaya","4410612","https://www.espn.com/golf/player/results/_/id/4410612/season/2026"
"Eric Cole",96,"https://www.espn.com/golf/player/_/id/10522/eric-cole","10522","https://www.espn.com/golf/player/results/_/id/10522/season/2026"
"Seamus Power",97,"https://www.espn.com/golf/player/_/id/6001/seamus-power","6001","https://www.espn.com/golf/player/results/_/id/6001/season/2026"
"Cameron Tringale",98,NA,NA,"https://www.espn.com/golf/player/results/_/id/NA/season/2026"
"Billy Horschel",99,"https://www.espn.com/golf/player/_/id/1651/billy-horschel","1651","https://www.espn.com/golf/player/results/_/id/1651/season/2026"
"Michael Brennan",100,NA,NA,"https://www.espn.com/golf/player/results/_/id/NA/season/2026"
"Andrew Novak",101,"https://www.espn.com/golf/player/_/id/11332/andrew-novak","11332","https://www.espn.com/golf/player/results/_/id/11332/season/2026"
"Bud Cauley",102,"https://www.espn.com/golf/player/_/id/5338/bud-cauley","5338","https://www.espn.com/golf/player/results/_/id/5338/season/2026"
"Nico Echavarria",103,"https://www.espn.com/golf/player/results/_/id/4408316/nico-echavarria","4408316","https://www.espn.com/golf/player/results/_/id/4408316/season/2026"
"Sahith Theegala",104,"https://www.espn.com/golf/player/_/id/10980/sahith-theegala","10980","https://www.espn.com/golf/player/results/_/id/10980/season/2026"
"Lee Hodges",105,"https://www.espn.com/golf/player/_/id/4404991/lee-hodges","4404991","https://www.espn.com/golf/player/results/_/id/4404991/season/2026"
"Marcus Armitage",106,NA,NA,"https://www.espn.com/golf/player/results/_/id/NA/season/2026"
"Emiliano Grillo",107,"https://www.espn.com/golf/player/_/id/5882/emiliano-grillo","5882","https://www.espn.com/golf/player/results/_/id/5882/season/2026"
"Byeong Hun An",108,"https://www.espn.com/golf/player/_/id/5285/byeong-hun-an","5285","https://www.espn.com/golf/player/results/_/id/5285/season/2026"
"Ryan Fox",109,"https://www.espn.com/golf/player/_/id/4251/ryan-fox","4251","https://www.espn.com/golf/player/results/_/id/4251/season/2026"
"Adrien Dumont De Chassart",110,NA,NA,"https://www.espn.com/golf/player/results/_/id/NA/season/2026"
"Marc Leishman",111,NA,NA,"https://www.espn.com/golf/player/results/_/id/NA/season/2026"
"Ricky Castillo",112,NA,NA,"https://www.espn.com/golf/player/results/_/id/NA/season/2026"
"Dan Brown",113,"https://www.espn.com/golf/player/_/id/10221/daniel-brown","10221","https://www.espn.com/golf/player/results/_/id/10221/season/2026"
"Oliver Lindell",114,NA,NA,"https://www.espn.com/golf/player/results/_/id/NA/season/2026"
"Sungjae Im",115,"https://www.espn.com/golf/player/_/id/11382/sungjae-im","11382","https://www.espn.com/golf/player/results/_/id/11382/season/2026"
"Doug Ghim",116,"https://www.espn.com/golf/player/_/id/11456/doug-ghim","11456","https://www.espn.com/golf/player/results/_/id/11456/season/2026"
"Abraham Ancer",117,"https://www.espn.com/golf/player/_/id/9261/abraham-ancer","9261","https://www.espn.com/golf/player/results/_/id/9261/season/2026"
"Andrew Putnam",118,"https://www.espn.com/golf/player/_/id/5502/andrew-putnam","5502","https://www.espn.com/golf/player/results/_/id/5502/season/2026"
"Victor Perez",119,"https://www.espn.com/golf/player/_/id/11340/victor-perez","11340","https://www.espn.com/golf/player/results/_/id/11340/season/2026"
"Kris Ventura",120,NA,NA,"https://www.espn.com/golf/player/results/_/id/NA/season/2026"
"Andy Sullivan",121,NA,NA,"https://www.espn.com/golf/player/results/_/id/NA/season/2026"
"Cameron Smith",122,"https://www.espn.com/golf/player/_/id/9131/cameron-smith","9131","https://www.espn.com/golf/player/results/_/id/9131/season/2026"
"Kevin Roy",123,NA,NA,"https://www.espn.com/golf/player/results/_/id/NA/season/2026"
"Tom Kim",124,"https://www.espn.com/golf/player/_/id/4602673/tom-kim","4602673","https://www.espn.com/golf/player/results/_/id/4602673/season/2026"
"Bubba Watson",125,NA,NA,"https://www.espn.com/golf/player/results/_/id/NA/season/2026"
"Trent Phillips",126,NA,NA,"https://www.espn.com/golf/player/results/_/id/NA/season/2026"
"Thomas Pieters",127,NA,NA,"https://www.espn.com/golf/player/results/_/id/NA/season/2026"
"Louis Oosthuizen",128,"https://www.espn.com/golf/player/_/id/1293/louis-oosthuizen","1293","https://www.espn.com/golf/player/results/_/id/1293/season/2026"
"Matti Schmid",129,NA,NA,"https://www.espn.com/golf/player/results/_/id/NA/season/2026"
"Wenyi Ding",130,NA,NA,"https://www.espn.com/golf/player/results/_/id/NA/season/2026"
"Branden Grace",131,NA,NA,"https://www.espn.com/golf/player/results/_/id/NA/season/2026"
"S.H. Kim",132,NA,NA,"https://www.espn.com/golf/player/results/_/id/NA/season/2026"
"Charles Howell III",133,NA,NA,"https://www.espn.com/golf/player/results/_/id/NA/season/2026"
"Chandler Blanchet",134,NA,NA,"https://www.espn.com/golf/player/results/_/id/NA/season/2026"
"Austin Eckroat",135,"https://www.espn.com/golf/player/_/id/4425898/austin-eckroat","4425898","https://www.espn.com/golf/player/results/_/id/4425898/season/2026"
"Gary Woodland",136,"https://www.espn.com/golf/player/_/id/3550/gary-woodland","3550","https://www.espn.com/golf/player/results/_/id/3550/season/2026"
"Paul Casey",137,NA,NA,"https://www.espn.com/golf/player/results/_/id/NA/season/2026"
"Charl Schwartzel",138,NA,NA,"https://www.espn.com/golf/player/results/_/id/NA/season/2026"
"Julien Guerrier",139,"https://www.espn.com/golf/player/_/id/1694/julien-guerrier","1694","https://www.espn.com/golf/player/results/_/id/1694/season/2026"
"William Mouw",140,"https://www.espn.com/golf/player/_/id/5076025/william-mouw","5076025","https://www.espn.com/golf/player/results/_/id/5076025/season/2026"
"Chandler Phillips",141,"https://www.espn.com/golf/player/_/id/4587989/chandler-phillips","4587989","https://www.espn.com/golf/player/results/_/id/4587989/season/2026"
"Sergio Garcia",142,"https://www.espn.com/golf/player/_/id/158/sergio-garcia","158","https://www.espn.com/golf/player/results/_/id/158/season/2026"
"Talor Gooch",143,NA,NA,"https://www.espn.com/golf/player/results/_/id/NA/season/2026"
"Joost Luiten",144,NA,NA,"https://www.espn.com/golf/player/results/_/id/NA/season/2026"
"Stephan Jaeger",145,"https://www.espn.com/golf/player/_/id/6937/stephan-jaeger","6937","https://www.espn.com/golf/player/results/_/id/6937/season/2026"
"Mackenzie Hughes",146,"https://www.espn.com/golf/player/_/id/6931/mackenzie-hughes","6931","https://www.espn.com/golf/player/results/_/id/6931/season/2026"
"Ewen Ferguson",147,"https://www.espn.com/golf/player/_/id/10838/ewen-ferguson","10838","https://www.espn.com/golf/player/results/_/id/10838/season/2026"
"Patrick Fishburn",148,"https://www.espn.com/golf/player/_/id/4358083/patrick-fishburn","4358083","https://www.espn.com/golf/player/results/_/id/4358083/season/2026"
"Dylan Wu",149,NA,NA,"https://www.espn.com/golf/player/results/_/id/NA/season/2026"
"Jhonattan Vegas",150,"https://www.espn.com/golf/player/_/id/1030/jhonattan-vegas","1030","https://www.espn.com/golf/player/results/_/id/1030/season/2026"
"Steven Fisk",151,"https://www.espn.com/golf/player/_/id/4426182/steven-fisk","4426182","https://www.espn.com/golf/player/results/_/id/4426182/season/2026"
"Beau Hossler",152,"https://www.espn.com/golf/player/_/id/6011/beau-hossler","6011","https://www.espn.com/golf/player/results/_/id/6011/season/2026"
"Dean Burmester",153,"https://www.espn.com/golf/player/_/id/5830/dean-burmester","5830","https://www.espn.com/golf/player/results/_/id/5830/season/2026"
"Ben Kohles",154,"https://www.espn.com/golf/player/_/id/6922/ben-kohles","6922","https://www.espn.com/golf/player/results/_/id/6922/season/2026"
"Webb Simpson",155,NA,NA,"https://www.espn.com/golf/player/results/_/id/NA/season/2026"
"Austin Smotherman",156,NA,NA,"https://www.espn.com/golf/player/results/_/id/NA/season/2026"
"Keita Nakajima",157,"https://www.espn.com/golf/player/_/id/4699418/keita-nakajima","4699418","https://www.espn.com/golf/player/results/_/id/4699418/season/2026"
"Laurie Canter",158,"https://www.espn.com/golf/player/_/id/5550/laurie-canter","5550","https://www.espn.com/golf/player/results/_/id/5550/season/2026"
"Thomas Rosenmueller",159,NA,NA,"https://www.espn.com/golf/player/results/_/id/NA/season/2026"
"Tom Hoge",160,"https://www.espn.com/golf/player/_/id/6086/tom-hoge","6086","https://www.espn.com/golf/player/results/_/id/6086/season/2026"
"Zac Blair",161,"https://www.espn.com/golf/player/_/id/9040/zac-blair","9040","https://www.espn.com/golf/player/results/_/id/9040/season/2026"
"Brooks Koepka",162,"https://www.espn.com/golf/player/_/id/6798/brooks-koepka","6798","https://www.espn.com/golf/player/results/_/id/6798/season/2026"
"Adrien Saddier",163,NA,NA,"https://www.espn.com/golf/player/results/_/id/NA/season/2026"
"Jose Luis Ballester",164,NA,NA,"https://www.espn.com/golf/player/results/_/id/NA/season/2026"
"Jorge Campillo",165,"https://www.espn.com/golf/player/_/id/4691/jorge-campillo","4691","https://www.espn.com/golf/player/results/_/id/4691/season/2026"
"Sam Ryder",166,"https://www.espn.com/golf/player/_/id/7001/sam-ryder","7001","https://www.espn.com/golf/player/results/_/id/7001/season/2026"
"Zecheng Dou",167,NA,NA,"https://www.espn.com/golf/player/results/_/id/NA/season/2026"
"Chad Ramey",168,NA,NA,"https://www.espn.com/golf/player/results/_/id/NA/season/2026"
"Mark Hubbard",169,"https://www.espn.com/golf/player/_/id/9143/mark-hubbard","9143","https://www.espn.com/golf/player/results/_/id/9143/season/2026"
"Thriston Lawrence",170,"https://www.espn.com/golf/player/_/id/9240/thriston-lawrence","9240","https://www.espn.com/golf/player/results/_/id/9240/season/2026"
"Hayden Springer",171,"https://www.espn.com/golf/player/_/id/10562/hayden-springer","10562","https://www.espn.com/golf/player/results/_/id/10562/season/2026"
"Lucas Herbert",172,"https://www.espn.com/golf/player/_/id/10343/lucas-herbert","10343","https://www.espn.com/golf/player/results/_/id/10343/season/2026"
"Richard Bland",173,NA,NA,"https://www.espn.com/golf/player/results/_/id/NA/season/2026"
"Antoine Rozner",174,"https://www.espn.com/golf/player/_/id/4407372/antoine-rozner","4407372","https://www.espn.com/golf/player/results/_/id/4407372/season/2026"
"Zach Johnson",175,NA,NA,"https://www.espn.com/golf/player/results/_/id/NA/season/2026"
"Elvis Smylie",176,NA,NA,"https://www.espn.com/golf/player/results/_/id/NA/season/2026"
"Greyson Sigg",177,"https://www.espn.com/golf/player/_/id/11333/greyson-sigg","11333","https://www.espn.com/golf/player/results/_/id/11333/season/2026"
"Joel Dahmen",178,"https://www.espn.com/golf/player/_/id/6196/joel-dahmen","6196","https://www.espn.com/golf/player/results/_/id/6196/season/2026"
"Ben Silverman",179,"https://www.espn.com/golf/player/_/id/8910/ben-silverman","8910","https://www.espn.com/golf/player/results/_/id/8910/season/2026"
"JC Ritchie",180,NA,NA,"https://www.espn.com/golf/player/results/_/id/NA/season/2026"
"Tony Finau",181,"https://www.espn.com/golf/player/_/id/2230/tony-finau","2230","https://www.espn.com/golf/player/results/_/id/2230/season/2026"
"Caleb Surratt",182,NA,NA,"https://www.espn.com/golf/player/results/_/id/NA/season/2026"
"Brandt Snedeker",183,NA,NA,"https://www.espn.com/golf/player/results/_/id/NA/season/2026"
"Ian Holt",184,NA,NA,"https://www.espn.com/golf/player/results/_/id/NA/season/2026"
"Ben Martin",185,NA,NA,"https://www.espn.com/golf/player/results/_/id/NA/season/2026"
"David Ford",186,NA,NA,"https://www.espn.com/golf/player/results/_/id/NA/season/2026"
"Taylor Moore",187,"https://www.espn.com/golf/player/_/id/10664/taylor-moore","10664","https://www.espn.com/golf/player/results/_/id/10664/season/2026"
"Eugenio Chacarra",188,"https://www.espn.com/golf/player/_/id/4565467/eugenio-chacarra","4565467","https://www.espn.com/golf/player/results/_/id/4565467/season/2026"
"Neal Shipley",189,NA,NA,"https://www.espn.com/golf/player/results/_/id/NA/season/2026"
"Grant Forrest",190,NA,NA,"https://www.espn.com/golf/player/results/_/id/NA/season/2026"
"Jesper Svensson",191,"https://www.espn.com/golf/player/_/id/4699329/jesper-svensson","4699329","https://www.espn.com/golf/player/results/_/id/4699329/season/2026"
"Taiga Semikawa",192,NA,NA,"https://www.espn.com/golf/player/results/_/id/NA/season/2026"
"Stewart Cink",193,NA,NA,"https://www.espn.com/golf/player/results/_/id/NA/season/2026"
"Emilio Gonzalez",194,NA,NA,"https://www.espn.com/golf/player/results/_/id/NA/season/2026"
"Adam Svensson",195,"https://www.espn.com/golf/player/_/id/9127/adam-svensson","9127","https://www.espn.com/golf/player/results/_/id/9127/season/2026"
"Dan Bradbury",196,"https://www.espn.com/golf/player/_/id/5081630/dan-bradbury","5081630","https://www.espn.com/golf/player/results/_/id/5081630/season/2026"
"Anirban Lahiri",197,NA,NA,"https://www.espn.com/golf/player/results/_/id/NA/season/2026"
"Brice Garnett",198,"https://www.espn.com/golf/player/_/id/2283/brice-garnett","2283","https://www.espn.com/golf/player/results/_/id/2283/season/2026"
"Alex Fitzpatrick",199,"https://www.espn.com/golf/player/_/id/4364865/alex-fitzpatrick","4364865","https://www.espn.com/golf/player/results/_/id/4364865/season/2026"
"David Lipsky",200,"https://www.espn.com/golf/player/_/id/6701/david-lipsky","6701","https://www.espn.com/golf/player/results/_/id/6701/season/2026"
"Mitchell Meissner",201,NA,NA,"https://www.espn.com/golf/player/results/_/id/NA/season/2026"
"Scott Vincent",202,NA,NA,"https://www.espn.com/golf/player/results/_/id/NA/season/2026"
"Patton Kizzire",203,"https://www.espn.com/golf/player/_/id/3980/patton-kizzire","3980","https://www.espn.com/golf/player/results/_/id/3980/season/2026"
"Dustin Johnson",204,"https://www.espn.com/golf/player/_/id/3448/dustin-johnson","3448","https://www.espn.com/golf/player/results/_/id/3448/season/2026"
"Ben James",205,NA,NA,"https://www.espn.com/golf/player/results/_/id/NA/season/2026"
"Cooper Dossey",206,NA,NA,"https://www.espn.com/golf/player/results/_/id/NA/season/2026"
"Noah Goodwin",207,NA,NA,"https://www.espn.com/golf/player/results/_/id/NA/season/2026"
"Marcel Schneider",208,NA,NA,"https://www.espn.com/golf/player/results/_/id/NA/season/2026"
"Trevor Cone",209,NA,NA,"https://www.espn.com/golf/player/results/_/id/NA/season/2026"
"Barend Botha",210,NA,NA,"https://www.espn.com/golf/player/results/_/id/NA/season/2026"
"Francesco Laporta",211,NA,NA,"https://www.espn.com/golf/player/results/_/id/NA/season/2026"
"Richard Lee",212,NA,NA,"https://www.espn.com/golf/player/results/_/id/NA/season/2026"
"Kota Kaneko",213,NA,NA,"https://www.espn.com/golf/player/results/_/id/NA/season/2026"
"Nate Lashley",214,NA,NA,"https://www.espn.com/golf/player/results/_/id/NA/season/2026"
"Chan Kim",215,"https://www.espn.com/golf/player/_/id/5724/chan-kim","5724","https://www.espn.com/golf/player/results/_/id/5724/season/2026"
"Francesco Molinari",216,NA,NA,"https://www.espn.com/golf/player/results/_/id/NA/season/2026"
"Hank Lebioda",217,NA,NA,"https://www.espn.com/golf/player/results/_/id/NA/season/2026"
"Luke Clanton",218,"https://www.espn.com/golf/player/_/id/5215039/luke-clanton","5215039","https://www.espn.com/golf/player/results/_/id/5215039/season/2026"
"Aldrich Potgieter",219,"https://www.espn.com/golf/player/_/id/5080439/aldrich-potgieter","5080439","https://www.espn.com/golf/player/results/_/id/5080439/season/2026"
"Davis Chatfield",220,NA,NA,"https://www.espn.com/golf/player/results/_/id/NA/season/2026"
"Tom Vaillant",221,NA,NA,"https://www.espn.com/golf/player/results/_/id/NA/season/2026"
"Taiki Yoshida",222,NA,NA,"https://www.espn.com/golf/player/results/_/id/NA/season/2026"
"Mikael Lindberg",223,NA,NA,"https://www.espn.com/golf/player/results/_/id/NA/season/2026"
"Zach Bauchou",224,NA,NA,"https://www.espn.com/golf/player/results/_/id/NA/season/2026"
"Casey Jarvis",225,NA,NA,"https://www.espn.com/golf/player/results/_/id/NA/season/2026"
"Trace Crowe",226,NA,NA,"https://www.espn.com/golf/player/results/_/id/NA/season/2026"
"Carson Young",227,"https://www.espn.com/golf/player/_/id/11143/carson-young","11143","https://www.espn.com/golf/player/results/_/id/11143/season/2026"
"Martin Couvra",228,NA,NA,"https://www.espn.com/golf/player/results/_/id/NA/season/2026"
"Mikumu Horikawa",229,NA,NA,"https://www.espn.com/golf/player/results/_/id/NA/season/2026"
"Ryo Hisatsune",230,"https://www.espn.com/golf/player/_/id/4858572/ryo-hisatsune","4858572","https://www.espn.com/golf/player/results/_/id/4858572/season/2026"
"Niklas Norgaard",231,"https://www.espn.com/golf/player/_/id/4382434/niklas-n%C3%B8rgaard","4382434","https://www.espn.com/golf/player/results/_/id/4382434/season/2026"
"S.Y. Noh",232,NA,NA,"https://www.espn.com/golf/player/results/_/id/NA/season/2026"
"Lanto Griffin",233,NA,NA,"https://www.espn.com/golf/player/results/_/id/NA/season/2026"
"Davis Riley",234,"https://www.espn.com/golf/player/_/id/10058/davis-riley","10058","https://www.espn.com/golf/player/results/_/id/10058/season/2026"
"Karl Vilips",235,NA,NA,"https://www.espn.com/golf/player/results/_/id/NA/season/2026"
"Ugo Coussaud",236,NA,NA,"https://www.espn.com/golf/player/results/_/id/NA/season/2026"
"Joakim Lagergren",237,NA,NA,"https://www.espn.com/golf/player/results/_/id/NA/season/2026"
"Blades Brown",238,NA,NA,"https://www.espn.com/golf/player/results/_/id/NA/season/2026"
"Peter Uihlein",239,"https://www.espn.com/golf/player/_/id/1674/peter-uihlein","1674","https://www.espn.com/golf/player/results/_/id/1674/season/2026"
"Adam Hadwin",240,"https://www.espn.com/golf/player/_/id/5548/adam-hadwin","5548","https://www.espn.com/golf/player/results/_/id/5548/season/2026"
"Alejandro Del Rey",241,"https://www.espn.com/golf/player/_/id/11465/alejandro-del-rey","11465","https://www.espn.com/golf/player/results/_/id/11465/season/2026"
"Erik Van Rooyen",242,"https://www.espn.com/golf/player/_/id/9364/erik-van-rooyen","9364","https://www.espn.com/golf/player/results/_/id/9364/season/2026"
"Jason Kokrak",243,NA,NA,"https://www.espn.com/golf/player/results/_/id/NA/season/2026"
"Andrea Pavan",244,NA,NA,"https://www.espn.com/golf/player/results/_/id/NA/season/2026"
"Cameron Champ",245,NA,NA,"https://www.espn.com/golf/player/results/_/id/NA/season/2026"
"Jacob Skov Olesen",246,NA,NA,"https://www.espn.com/golf/player/results/_/id/NA/season/2026"
"Taylor Montgomery",247,NA,NA,"https://www.espn.com/golf/player/results/_/id/NA/season/2026"
"Brandon Robinson Thompson",248,NA,NA,"https://www.espn.com/golf/player/results/_/id/NA/season/2026"
"John VanDerLaan",249,NA,NA,"https://www.espn.com/golf/player/results/_/id/NA/season/2026"
"Jackson Suber",250,NA,NA,"https://www.espn.com/golf/player/results/_/id/NA/season/2026"
"Ignacio Elvira Mijares",251,NA,NA,"https://www.espn.com/golf/player/results/_/id/NA/season/2026"
"Yanhan Zhou",252,NA,NA,"https://www.espn.com/golf/player/results/_/id/NA/season/2026"
"Kazuki Higa",253,NA,NA,"https://www.espn.com/golf/player/results/_/id/NA/season/2026"
"Ryosuke Kinoshita",254,NA,NA,"https://www.espn.com/golf/player/results/_/id/NA/season/2026"
"Rafa Cabrera Bello",255,NA,NA,"https://www.espn.com/golf/player/results/_/id/NA/season/2026"
"Quade Cummins",256,NA,NA,"https://www.espn.com/golf/player/results/_/id/NA/season/2026"
"Calum Hill",257,NA,NA,"https://www.espn.com/golf/player/results/_/id/NA/season/2026"
"Sadom Kaewkanjana",258,NA,NA,"https://www.espn.com/golf/player/results/_/id/NA/season/2026"
"Henrik Norlander",259,"https://www.espn.com/golf/player/_/id/5573/henrik-norlander","5573","https://www.espn.com/golf/player/results/_/id/5573/season/2026"
"Matthew Jordan",260,"https://www.espn.com/golf/player/_/id/4390719/matthew-jordan","4390719","https://www.espn.com/golf/player/results/_/id/4390719/season/2026"
"Doc Redman",261,NA,NA,"https://www.espn.com/golf/player/results/_/id/NA/season/2026"
"Caleb VanArragon",262,NA,NA,"https://www.espn.com/golf/player/results/_/id/NA/season/2026"
"Richard Mansell",263,NA,NA,"https://www.espn.com/golf/player/results/_/id/NA/season/2026"
"S.T. Lee",264,NA,NA,"https://www.espn.com/golf/player/results/_/id/NA/season/2026"
"Dylan Menante",265,NA,NA,"https://www.espn.com/golf/player/results/_/id/NA/season/2026"
"Jacques Kruyswijk",266,NA,NA,"https://www.espn.com/golf/player/results/_/id/NA/season/2026"
"Miguel Tabuena",267,NA,NA,"https://www.espn.com/golf/player/results/_/id/NA/season/2026"
"Sudarshan Yellamaraju",268,NA,NA,"https://www.espn.com/golf/player/results/_/id/NA/season/2026"
"Shugo Imahira",269,NA,NA,"https://www.espn.com/golf/player/results/_/id/NA/season/2026"
"Takashi Ogiso",270,NA,NA,"https://www.espn.com/golf/player/results/_/id/NA/season/2026"
"Harold Varner III",271,NA,NA,"https://www.espn.com/golf/player/results/_/id/NA/season/2026"
"John Pak",272,NA,NA,"https://www.espn.com/golf/player/results/_/id/NA/season/2026"
"Steven Alker",273,NA,NA,"https://www.espn.com/golf/player/results/_/id/NA/season/2026"
"Yusaku Hosono",274,NA,NA,"https://www.espn.com/golf/player/results/_/id/NA/season/2026"
"Oihan Guillamoundeguy",275,NA,NA,"https://www.espn.com/golf/player/results/_/id/NA/season/2026"
"Alexander Bjork",276,"https://www.espn.com/golf/player/_/id/9469/alexander-bjork","9469","https://www.espn.com/golf/player/results/_/id/9469/season/2026"
"Matthieu Pavon",277,"https://www.espn.com/golf/player/_/id/10596/matthieu-pavon","10596","https://www.espn.com/golf/player/results/_/id/10596/season/2026"
"Preston Stout",278,NA,NA,"https://www.espn.com/golf/player/results/_/id/NA/season/2026"
"Will Gordon",279,NA,NA,"https://www.espn.com/golf/player/results/_/id/NA/season/2026"
"Brandon Stone",280,NA,NA,"https://www.espn.com/golf/player/results/_/id/NA/season/2026"
"Frederic LaCroix",281,NA,NA,"https://www.espn.com/golf/player/results/_/id/NA/season/2026"
"Jeremy Paul",282,NA,NA,"https://www.espn.com/golf/player/results/_/id/NA/season/2026"
"Richie Ramsay",283,NA,NA,"https://www.espn.com/golf/player/results/_/id/NA/season/2026"
"Michael Johnson",284,NA,NA,"https://www.espn.com/golf/player/results/_/id/NA/season/2026"
"Rikuya Hoshino",285,"https://www.espn.com/golf/player/_/id/4350033/rikuya-hoshino","4350033","https://www.espn.com/golf/player/results/_/id/4350033/season/2026"
"Joseph Bramlett",286,NA,NA,"https://www.espn.com/golf/player/results/_/id/NA/season/2026"
"Brian Campbell",287,"https://www.espn.com/golf/player/_/id/9525/brian-campbell","9525","https://www.espn.com/golf/player/results/_/id/9525/season/2026"
"Paul Peterson",288,NA,NA,"https://www.espn.com/golf/player/results/_/id/NA/season/2026"
"Isaiah Salinda",289,"https://www.espn.com/golf/player/_/id/4589406/isaiah-salinda","4589406","https://www.espn.com/golf/player/results/_/id/4589406/season/2026"
"David Skinns",290,NA,NA,"https://www.espn.com/golf/player/results/_/id/NA/season/2026"
"Jeffrey Kang",291,NA,NA,"https://www.espn.com/golf/player/results/_/id/NA/season/2026"
"Romain Langasque",292,"https://www.espn.com/golf/player/_/id/10099/romain-langasque","10099","https://www.espn.com/golf/player/results/_/id/10099/season/2026"
"Miles Russell",293,NA,NA,"https://www.espn.com/golf/player/results/_/id/NA/season/2026"
"Todd Clements",294,NA,NA,"https://www.espn.com/golf/player/results/_/id/NA/season/2026"
"Justin Lower",295,"https://www.espn.com/golf/player/_/id/9144/justin-lower","9144","https://www.espn.com/golf/player/results/_/id/9144/season/2026"
"Manuel Elvira",296,NA,NA,"https://www.espn.com/golf/player/results/_/id/NA/season/2026"
"Bernd Wiesberger",297,NA,NA,"https://www.espn.com/golf/player/results/_/id/NA/season/2026"
"Rick Lamb",298,NA,NA,"https://www.espn.com/golf/player/results/_/id/NA/season/2026"
"Joel Girrbach",299,NA,NA,"https://www.espn.com/golf/player/results/_/id/NA/season/2026"
"Charley Hoffman",300,"https://www.espn.com/golf/player/_/id/205/charley-hoffman","205","https://www.espn.com/golf/player/results/_/id/205/season/2026"
"Ben Taylor",301,NA,NA,"https://www.espn.com/golf/player/results/_/id/NA/season/2026"
"Davis Lamb",302,NA,NA,"https://www.espn.com/golf/player/results/_/id/NA/season/2026"
"Matteo Manassero",303,"https://www.espn.com/golf/player/_/id/4574/matteo-manassero","4574","https://www.espn.com/golf/player/results/_/id/4574/season/2026"
"Trey Mullinax",304,NA,NA,"https://www.espn.com/golf/player/results/_/id/NA/season/2026"
"Kensei Hirata",305,"https://www.espn.com/golf/player/_/id/5075548/kensei-hirata","5075548","https://www.espn.com/golf/player/results/_/id/5075548/season/2026"
"Jonathan Byrd",306,NA,NA,"https://www.espn.com/golf/player/results/_/id/NA/season/2026"
"Andreas Halvorsen",307,NA,NA,"https://www.espn.com/golf/player/results/_/id/NA/season/2026"
"Julian Suri",308,NA,NA,"https://www.espn.com/golf/player/results/_/id/NA/season/2026"
"Zander Lombard",309,NA,NA,"https://www.espn.com/golf/player/results/_/id/NA/season/2026"
"Kazuma Kobori",310,NA,NA,"https://www.espn.com/golf/player/results/_/id/NA/season/2026"
"Cole Sherwood",311,NA,NA,"https://www.espn.com/golf/player/results/_/id/NA/season/2026"
"Hayden Buckley",312,NA,NA,"https://www.espn.com/golf/player/results/_/id/NA/season/2026"
"Taihei Sato",313,NA,NA,"https://www.espn.com/golf/player/results/_/id/NA/season/2026"
"Stefano Mazzoli",314,NA,NA,"https://www.espn.com/golf/player/results/_/id/NA/season/2026"
"Bronson Burgoon",315,NA,NA,"https://www.espn.com/golf/player/results/_/id/NA/season/2026"
"Ren Yonezawa",316,NA,NA,"https://www.espn.com/golf/player/results/_/id/NA/season/2026"
"Nick Hardy",317,NA,NA,"https://www.espn.com/golf/player/results/_/id/NA/season/2026"
"Wilson Furr",318,NA,NA,"https://www.espn.com/golf/player/results/_/id/NA/season/2026"
"Davis Shore",319,NA,NA,"https://www.espn.com/golf/player/results/_/id/NA/season/2026"
"Sam Bairstow",320,"https://www.espn.com/golf/player/_/id/4872728/sam-bairstow","4872728","https://www.espn.com/golf/player/results/_/id/4872728/season/2026"
"Ben Schmidt",321,NA,NA,"https://www.espn.com/golf/player/results/_/id/NA/season/2026"
"Nicolo Galletti",322,NA,NA,"https://www.espn.com/golf/player/results/_/id/NA/season/2026"
"Adrian Meronk",323,"https://www.espn.com/golf/player/_/id/10839/adrian-meronk","10839","https://www.espn.com/golf/player/results/_/id/10839/season/2026"
"Darius Van Driel",324,NA,NA,"https://www.espn.com/golf/player/results/_/id/NA/season/2026"
"Harry Higgs",325,"https://www.espn.com/golf/player/_/id/4844/harry-higgs","4844","https://www.espn.com/golf/player/results/_/id/4844/season/2026"
"Christo Lamprecht",326,"https://www.espn.com/golf/player/_/id/11395/christo-lamprecht","11395","https://www.espn.com/golf/player/results/_/id/11395/season/2026"
"Brendan Steele",327,NA,NA,"https://www.espn.com/golf/player/results/_/id/NA/season/2026"
"Richard Sterne",328,NA,NA,"https://www.espn.com/golf/player/results/_/id/NA/season/2026"
"Nick Gabrelcik",329,NA,NA,"https://www.espn.com/golf/player/results/_/id/NA/season/2026"
"Kieran Vincent",330,NA,NA,"https://www.espn.com/golf/player/results/_/id/NA/season/2026"
"Taehoon Ok",331,NA,NA,"https://www.espn.com/golf/player/results/_/id/NA/season/2026"
"Camilo Villegas",332,NA,NA,"https://www.espn.com/golf/player/results/_/id/NA/season/2026"
"Martin Laird",333,NA,NA,"https://www.espn.com/golf/player/results/_/id/NA/season/2026"
"Ryan Moore",334,NA,NA,"https://www.espn.com/golf/player/results/_/id/NA/season/2026"
"Kevin Dougherty",335,NA,NA,"https://www.espn.com/golf/player/results/_/id/NA/season/2026"
"Nathan Kimsey",336,NA,NA,"https://www.espn.com/golf/player/results/_/id/NA/season/2026"
"Younghan Song",337,NA,NA,"https://www.espn.com/golf/player/results/_/id/NA/season/2026"
"Ryo Ishikawa",338,NA,NA,"https://www.espn.com/golf/player/results/_/id/NA/season/2026"
"Austin Hitt",339,NA,NA,"https://www.espn.com/golf/player/results/_/id/NA/season/2026"
"Henrik Stenson",340,NA,NA,"https://www.espn.com/golf/player/results/_/id/NA/season/2026"
"Jinho Choi",341,NA,NA,"https://www.espn.com/golf/player/results/_/id/NA/season/2026"
"Tatsunori Shogenji",342,NA,NA,"https://www.espn.com/golf/player/results/_/id/NA/season/2026"
"Joe Weiler",343,NA,NA,"https://www.espn.com/golf/player/results/_/id/NA/season/2026"
"Jackson Van Paris",344,NA,NA,"https://www.espn.com/golf/player/results/_/id/NA/season/2026"
"Curtis Luck",345,NA,NA,"https://www.espn.com/golf/player/results/_/id/NA/season/2026"
"Gregorio De Leo",346,NA,NA,"https://www.espn.com/golf/player/results/_/id/NA/season/2026"
"Danny Walker",347,NA,NA,"https://www.espn.com/golf/player/results/_/id/NA/season/2026"
"Jazz Janewattananond",348,NA,NA,"https://www.espn.com/golf/player/results/_/id/NA/season/2026"
"Phil Mickelson",349,NA,NA,"https://www.espn.com/golf/player/results/_/id/NA/season/2026"
"Daniel Van Tonder",350,"https://www.espn.com/golf/player/_/id/5857/daniel-van-tonder","5857","https://www.espn.com/golf/player/results/_/id/5857/season/2026"
"Cole Hammer",351,NA,NA,"https://www.espn.com/golf/player/results/_/id/NA/season/2026"
"Niklas Lemke",352,NA,NA,"https://www.espn.com/golf/player/results/_/id/NA/season/2026"
"Alejandro Tosti",353,"https://www.espn.com/golf/player/_/id/4358081/alejandro-tosti","4358081","https://www.espn.com/golf/player/results/_/id/4358081/season/2026"
"Stuart Macdonald",354,NA,NA,"https://www.espn.com/golf/player/results/_/id/NA/season/2026"
"Christian Maas",355,NA,NA,"https://www.espn.com/golf/player/results/_/id/NA/season/2026"
"Justin Suh",356,NA,NA,"https://www.espn.com/golf/player/results/_/id/NA/season/2026"
"Sean Crocker",357,NA,NA,"https://www.espn.com/golf/player/results/_/id/NA/season/2026"
"Rattanon Wannasrichan",358,NA,NA,"https://www.espn.com/golf/player/results/_/id/NA/season/2026"
"Kiradech Aphibarnrat",359,NA,NA,"https://www.espn.com/golf/player/results/_/id/NA/season/2026"
"Justin Hastings",360,NA,NA,"https://www.espn.com/golf/player/results/_/id/NA/season/2026"
"Ian Gilligan",361,NA,NA,"https://www.espn.com/golf/player/results/_/id/NA/season/2026"
"Daniel Young",362,NA,NA,"https://www.espn.com/golf/player/results/_/id/NA/season/2026"
"Johannes Veerman",363,"https://www.espn.com/golf/player/_/id/10186/johannes-veerman","10186","https://www.espn.com/golf/player/results/_/id/10186/season/2026"
"Jack Senior",364,NA,NA,"https://www.espn.com/golf/player/results/_/id/NA/season/2026"
"Ricardo Gouveia",365,NA,NA,"https://www.espn.com/golf/player/results/_/id/NA/season/2026"
"Connor Syme",366,NA,NA,"https://www.espn.com/golf/player/results/_/id/NA/season/2026"
"Chris Francoeur",367,NA,NA,"https://www.espn.com/golf/player/results/_/id/NA/season/2026"
"Alvaro Ortiz",368,NA,NA,"https://www.espn.com/golf/player/results/_/id/NA/season/2026"
"Sandy Scott",369,NA,NA,"https://www.espn.com/golf/player/results/_/id/NA/season/2026"
"Luke List",370,"https://www.espn.com/golf/player/_/id/1059/luke-list","1059","https://www.espn.com/golf/player/results/_/id/1059/season/2026"
"Graeme McDowell",371,NA,NA,"https://www.espn.com/golf/player/results/_/id/NA/season/2026"
"Alistair Docherty",372,NA,NA,"https://www.espn.com/golf/player/results/_/id/NA/season/2026"
"Andrew Johnston",373,NA,NA,"https://www.espn.com/golf/player/results/_/id/NA/season/2026"
"Yuta Sugiura",374,NA,NA,"https://www.espn.com/golf/player/results/_/id/NA/season/2026"
"Davis Bryant",375,NA,NA,"https://www.espn.com/golf/player/results/_/id/NA/season/2026"
"Daniel Summerhays",376,NA,NA,"https://www.espn.com/golf/player/results/_/id/NA/season/2026"
"Riki Kawamoto",377,NA,NA,"https://www.espn.com/golf/player/results/_/id/NA/season/2026"
"Sang-hee Lee",378,NA,NA,"https://www.espn.com/golf/player/results/_/id/NA/season/2026"
"Jeff Winther",379,NA,NA,"https://www.espn.com/golf/player/results/_/id/NA/season/2026"
"Nick Dunlap",380,"https://www.espn.com/golf/player/_/id/4832046/nick-dunlap","4832046","https://www.espn.com/golf/player/results/_/id/4832046/season/2026"
"Adrian Otaegui",381,NA,NA,"https://www.espn.com/golf/player/results/_/id/NA/season/2026"
"Nicolai Von Dellingshausen",382,NA,NA,"https://www.espn.com/golf/player/results/_/id/NA/season/2026"
"Scott Jamieson",383,NA,NA,"https://www.espn.com/golf/player/results/_/id/NA/season/2026"
"Wesley Bryan",384,"https://www.espn.com/golf/player/_/id/10360/wesley-bryan","10360","https://www.espn.com/golf/player/results/_/id/10360/season/2026"
"Matt Atkins",385,NA,NA,"https://www.espn.com/golf/player/results/_/id/NA/season/2026"
"Troy Merritt",386,NA,NA,"https://www.espn.com/golf/player/results/_/id/NA/season/2026"
"Will Cannon",387,NA,NA,"https://www.espn.com/golf/player/results/_/id/NA/season/2026"
"Adam Schenk",388,"https://www.espn.com/golf/player/_/id/10372/adam-schenk","10372","https://www.espn.com/golf/player/results/_/id/10372/season/2026"
"Yuto Katsuragawa",389,NA,NA,"https://www.espn.com/golf/player/results/_/id/NA/season/2026"
"Ernie Els",390,NA,NA,"https://www.espn.com/golf/player/results/_/id/NA/season/2026"
"Shaun Norris",391,"https://www.espn.com/golf/player/_/id/5057/shaun-norris","5057","https://www.espn.com/golf/player/results/_/id/5057/season/2026"
"Cam Davis",392,NA,NA,"https://www.espn.com/golf/player/results/_/id/NA/season/2026"
"Roger Sloan",393,NA,NA,"https://www.espn.com/golf/player/results/_/id/NA/season/2026"
"Tom Whitney",394,NA,NA,"https://www.espn.com/golf/player/results/_/id/NA/season/2026"
"Eddie Pepperell",395,NA,NA,"https://www.espn.com/golf/player/results/_/id/NA/season/2026"
"Hugo Townsend",396,NA,NA,"https://www.espn.com/golf/player/results/_/id/NA/season/2026"
"Jack Maguire",397,NA,NA,"https://www.espn.com/golf/player/results/_/id/NA/season/2026"
"Logan McAllister",398,NA,NA,"https://www.espn.com/golf/player/results/_/id/NA/season/2026"
"Kevin Streelman",399,NA,NA,"https://www.espn.com/golf/player/results/_/id/NA/season/2026"
"Tommy Morrison",400,NA,NA,"https://www.espn.com/golf/player/results/_/id/NA/season/2026"
"Aaron Cockerill",401,NA,NA,"https://www.espn.com/golf/player/results/_/id/NA/season/2026"
"Robby Shelton",402,NA,NA,"https://www.espn.com/golf/player/results/_/id/NA/season/2026"
"Jorge Fernandez Valdes",403,NA,NA,"https://www.espn.com/golf/player/results/_/id/NA/season/2026"
"Trav Smyth",404,NA,NA,"https://www.espn.com/golf/player/results/_/id/NA/season/2026"
"Sarit Suwannarut",405,NA,NA,"https://www.espn.com/golf/player/results/_/id/NA/season/2026"
"Russell Knox",406,NA,NA,"https://www.espn.com/golf/player/results/_/id/NA/season/2026"
"Ashun Wu",407,NA,NA,"https://www.espn.com/golf/player/results/_/id/NA/season/2026"
"Trey Winstead",408,NA,NA,"https://www.espn.com/golf/player/results/_/id/NA/season/2026"
"Jackson Buchanan",409,NA,NA,"https://www.espn.com/golf/player/results/_/id/NA/season/2026"
"Pontus Nyholm",410,NA,NA,"https://www.espn.com/golf/player/results/_/id/NA/season/2026"
"Marcelo Rozo",411,NA,NA,"https://www.espn.com/golf/player/results/_/id/NA/season/2026"
"Guido Migliozzi",412,"https://www.espn.com/golf/player/_/id/9474/guido-migliozzi","9474","https://www.espn.com/golf/player/results/_/id/9474/season/2026"
"Max Rottluff",413,NA,NA,"https://www.espn.com/golf/player/results/_/id/NA/season/2026"
"Ryutaro Nagano",414,NA,NA,"https://www.espn.com/golf/player/results/_/id/NA/season/2026"
"Martin Kaymer",415,NA,NA,"https://www.espn.com/golf/player/results/_/id/NA/season/2026"
"Ross Steelman",416,NA,NA,"https://www.espn.com/golf/player/results/_/id/NA/season/2026"
"Sebastian Soderberg",417,"https://www.espn.com/golf/player/_/id/9494/sebastian-soderberg","9494","https://www.espn.com/golf/player/results/_/id/9494/season/2026"
"Minhyuk Song",418,NA,NA,"https://www.espn.com/golf/player/results/_/id/NA/season/2026"
"James Nicholas",419,NA,NA,"https://www.espn.com/golf/player/results/_/id/NA/season/2026"
"Wei-Hsuan Wang",420,NA,NA,"https://www.espn.com/golf/player/results/_/id/NA/season/2026"
"Frankie Capan III",421,NA,NA,"https://www.espn.com/golf/player/results/_/id/NA/season/2026"
"Jack McDonald",422,NA,NA,"https://www.espn.com/golf/player/results/_/id/NA/season/2026"
"Ben Campbell",423,"https://www.espn.com/golf/player/_/id/7011/ben-campbell","7011","https://www.espn.com/golf/player/results/_/id/7011/season/2026"
"Dylan Frittelli",424,NA,NA,"https://www.espn.com/golf/player/results/_/id/NA/season/2026"
"Mahanth Chirravuri",425,NA,NA,"https://www.espn.com/golf/player/results/_/id/NA/season/2026"
"Poom Saksansin",426,NA,NA,"https://www.espn.com/golf/player/results/_/id/NA/season/2026"
"Tyler Duncan",427,NA,NA,"https://www.espn.com/golf/player/results/_/id/NA/season/2026"
"Alexander Levy",428,NA,NA,"https://www.espn.com/golf/player/results/_/id/NA/season/2026"
"Mason Andersen",429,NA,NA,"https://www.espn.com/golf/player/results/_/id/NA/season/2026"
"Joe Highsmith",430,"https://www.espn.com/golf/player/_/id/4868733/joe-highsmith","4868733","https://www.espn.com/golf/player/results/_/id/4868733/season/2026"
"Peter Malnati",431,NA,NA,"https://www.espn.com/golf/player/results/_/id/NA/season/2026"
"Derek Hitchner",432,NA,NA,"https://www.espn.com/golf/player/results/_/id/NA/season/2026"
"Jason Scrivener",433,NA,NA,"https://www.espn.com/golf/player/results/_/id/NA/season/2026"
"Tomohiro Ishizaka",434,NA,NA,"https://www.espn.com/golf/player/results/_/id/NA/season/2026"
"Michael Hollick",435,NA,NA,"https://www.espn.com/golf/player/results/_/id/NA/season/2026"
"A.J. Ewart",436,NA,NA,"https://www.espn.com/golf/player/results/_/id/NA/season/2026"
"Jase Summy",437,NA,NA,"https://www.espn.com/golf/player/results/_/id/NA/season/2026"
"Shad Tuten",438,NA,NA,"https://www.espn.com/golf/player/results/_/id/NA/season/2026"
"Jeremy Gandon",439,NA,NA,"https://www.espn.com/golf/player/results/_/id/NA/season/2026"
"Jay Card III",440,NA,NA,"https://www.espn.com/golf/player/results/_/id/NA/season/2026"
"Kevin Velo",441,NA,NA,"https://www.espn.com/golf/player/results/_/id/NA/season/2026"
"Angel Hidalgo Portillo",442,NA,NA,"https://www.espn.com/golf/player/results/_/id/NA/season/2026"
"Petr Hruby",443,NA,NA,"https://www.espn.com/golf/player/results/_/id/NA/season/2026"
"John Catlin",444,"https://www.espn.com/golf/player/_/id/10687/john-catlin","10687","https://www.espn.com/golf/player/results/_/id/10687/season/2026"
"Tim Widing",445,"https://www.espn.com/golf/player/_/id/4375973/tim-widing","4375973","https://www.espn.com/golf/player/results/_/id/4375973/season/2026"
"Suteepat Prateeptienchai",446,NA,NA,"https://www.espn.com/golf/player/results/_/id/NA/season/2026"
"Lukas Nemecz",447,NA,NA,"https://www.espn.com/golf/player/results/_/id/NA/season/2026"
"Sam Horsfield",448,NA,NA,"https://www.espn.com/golf/player/results/_/id/NA/season/2026"
"Marcel Siem",449,NA,NA,"https://www.espn.com/golf/player/results/_/id/NA/season/2026"
"Sampson Zheng",450,NA,NA,"https://www.espn.com/golf/player/results/_/id/NA/season/2026"
"Peter Kuest",451,NA,NA,"https://www.espn.com/golf/player/results/_/id/NA/season/2026"
"Cameron John",452,NA,NA,"https://www.espn.com/golf/player/results/_/id/NA/season/2026"
"Austen Truslow",453,NA,NA,"https://www.espn.com/golf/player/results/_/id/NA/season/2026"
"Junghwan Lee",454,NA,NA,"https://www.espn.com/golf/player/results/_/id/NA/season/2026"
"Jinichiro Kozuma",455,NA,NA,"https://www.espn.com/golf/player/results/_/id/NA/season/2026"
"Phichaksn Maichon",456,NA,NA,"https://www.espn.com/golf/player/results/_/id/NA/season/2026"
"Yongjun Bae",457,NA,NA,"https://www.espn.com/golf/player/results/_/id/NA/season/2026"
"Brendan Valdes",458,NA,NA,"https://www.espn.com/golf/player/results/_/id/NA/season/2026"
"Anthony Quayle",459,NA,NA,"https://www.espn.com/golf/player/results/_/id/NA/season/2026"
"Yuvraj Singh Sandhu",460,NA,NA,"https://www.espn.com/golf/player/results/_/id/NA/season/2026"
"Per Langfors",461,NA,NA,"https://www.espn.com/golf/player/results/_/id/NA/season/2026"
"David Law",462,NA,NA,"https://www.espn.com/golf/player/results/_/id/NA/season/2026"
"James Piot",463,NA,NA,"https://www.espn.com/golf/player/results/_/id/NA/season/2026"
"Andrew Wilson",464,NA,NA,"https://www.espn.com/golf/player/results/_/id/NA/season/2026"
"Tyler Watts",465,NA,NA,"https://www.espn.com/golf/player/results/_/id/NA/season/2026"
"Zach James",466,NA,NA,"https://www.espn.com/golf/player/results/_/id/NA/season/2026"
"Taylor Dickson",467,"https://www.espn.com/golf/player/_/id/4610386/taylor-dickson","4610386","https://www.espn.com/golf/player/results/_/id/4610386/season/2026"
"Paul Waring",468,"https://www.espn.com/golf/player/_/id/3474/paul-waring","3474","https://www.espn.com/golf/player/results/_/id/3474/season/2026"
"Jaco Ahlers",469,NA,NA,"https://www.espn.com/golf/player/results/_/id/NA/season/2026"
"Veer Ahlawat",470,NA,NA,"https://www.espn.com/golf/player/results/_/id/NA/season/2026"
"Bjorn Hellgren",471,NA,NA,"https://www.espn.com/golf/player/results/_/id/NA/season/2026"
"Kevin Yuan",472,NA,NA,"https://www.espn.com/golf/player/results/_/id/NA/season/2026"
"Baekjun Kim",473,NA,NA,"https://www.espn.com/golf/player/results/_/id/NA/season/2026"
"Jeunghun Wang",474,NA,NA,"https://www.espn.com/golf/player/results/_/id/NA/season/2026"
"Tripp Kinney",475,NA,NA,"https://www.espn.com/golf/player/results/_/id/NA/season/2026"
"Fabian Gomez",476,NA,NA,"https://www.espn.com/golf/player/results/_/id/NA/season/2026"
"Taichi Kho",477,NA,NA,"https://www.espn.com/golf/player/results/_/id/NA/season/2026"
"Rayhan Thomas",478,NA,NA,"https://www.espn.com/golf/player/results/_/id/NA/season/2026"
"Austin Greaser",479,NA,NA,"https://www.espn.com/golf/player/results/_/id/NA/season/2026"
"Harrison Endycott",480,NA,NA,"https://www.espn.com/golf/player/results/_/id/NA/season/2026"
"Matt Jones",481,NA,NA,"https://www.espn.com/golf/player/results/_/id/NA/season/2026"
"Cameron Percy",482,NA,NA,"https://www.espn.com/golf/player/results/_/id/NA/season/2026"
"K.H. Lee",483,NA,NA,"https://www.espn.com/golf/player/results/_/id/NA/season/2026"
"Braden Thornberry",484,NA,NA,"https://www.espn.com/golf/player/results/_/id/NA/season/2026"
"Connor Graham",485,NA,NA,"https://www.espn.com/golf/player/results/_/id/NA/season/2026"
"Brett White",486,NA,NA,"https://www.espn.com/golf/player/results/_/id/NA/season/2026"
"Sebastian Cappelen",487,NA,NA,"https://www.espn.com/golf/player/results/_/id/NA/season/2026"
"Brandon Wu",488,NA,NA,"https://www.espn.com/golf/player/results/_/id/NA/season/2026"
"Filip Jakubcik",489,NA,NA,"https://www.espn.com/golf/player/results/_/id/NA/season/2026"
"Hiroshi Iwata",490,NA,NA,"https://www.espn.com/golf/player/results/_/id/NA/season/2026"
"Ethan Fang",491,NA,NA,"https://www.espn.com/golf/player/results/_/id/NA/season/2026"
"Andy Ogletree",492,NA,NA,"https://www.espn.com/golf/player/results/_/id/NA/season/2026"
"Lee Westwood",493,NA,NA,"https://www.espn.com/golf/player/results/_/id/NA/season/2026"
"Patrick Newcomb",494,NA,NA,"https://www.espn.com/golf/player/results/_/id/NA/season/2026"
"Tapio Pulkkanen",495,NA,NA,"https://www.espn.com/golf/player/results/_/id/NA/season/2026"
"Chesson Hadley",496,NA,NA,"https://www.espn.com/golf/player/results/_/id/NA/season/2026"
"Brendon Doyle",497,NA,NA,"https://www.espn.com/golf/player/results/_/id/NA/season/2026"
"Ryo Katsumata",498,NA,NA,"https://www.espn.com/golf/player/results/_/id/NA/season/2026"
"Wil Bateman",499,NA,NA,"https://www.espn.com/golf/player/results/_/id/NA/season/2026"
"Myles Creighton",500,NA,NA,"https://www.espn.com/golf/player/results/_/id/NA/season/2026"
